{"EXP_0045": [45.242269205465306, 9.833062619565949, 6.9000000000000075, 6.200000000000011, 7.340450941167308, 6.737119121760678, 4.9000000000000075, 5.700000000000005, 5.829697384752997], "EXP_0169": [45.76016043367707, 10.61973468373854, 9.300000000000002, 7.000000000000004, 7.507766310672397, 6.040389184839725, 6.800000000000004, 7.3000000000000025, 5.845941929748032], "EXP_2001": [93.07707905483134, 47.637021360077995, 62.09999999999989, 61.199999999999896, 41.98651526707008, 40.36394894684707, 17.1, 21.9, 33.54036862089372], "EXP_2002": [47.699999999999996, 11.569194053939038, 10.700000000000001, 9.700000000000003, 8.53735441810286, 7.6144650327248655, 7.9, 6.9, 7.315431398608082]}