{"EXP_0045": [45.242269205465306, 9.833062619565949, 6.9000000000000075, 6.200000000000011, 7.340450941167308, 6.737119121760678, 4.9000000000000075, 5.700000000000005, 5.829697384752997], "EXP_0169": [45.76016043367707, 10.61973468373854, 9.300000000000002, 7.000000000000004, 7.507766310672397, 6.040389184839725, 6.800000000000004, 7.3000000000000025, 5.845941929748032], "EXP_2001": [55.21216543281725, 18.00269579209626, 19.200000000000003, 18.800000000000004, 16.150525810448176, 12.875667441055711, 7.200000000000003, 11.400000000000002, 11.990056786329202]}